agent,mean score,median score,play time,error ratio
ChurAI,361.2,330.0,162.30635498249904,0.0
계속집가고싶다,325.2,311.0,45.504391986038534,0.0
Example10,279.2,290.0,54.15539730945602,0.0
머닝러신,250.0,277.0,68.30611613756045,0.0
CHack,231.0,157.0,9.157431631069631,0.0
일곱번째 감자튀김,-1.0,-1.0,-1.0,1.0
