agent,mean score,median score,play time
일곱번째 감자튀김,400.6666666666667,455.0,79.04737442607681
Example10,287.3333333333333,393.0,50.045110798906535
계속집가고싶다,292.6666666666667,307.0,47.02456335257739
머닝러신,257.3333333333333,282.0,38.93524008228754
CHack,-1.0,-1.0,-1.0
ChurAI,-1.0,-1.0,-1.0
