agent,mean score,median score,play time
ChurAI,489.86,482.5,229.8151713079307
머닝러신,212.78,211.0,43.88963546460494
Example10,211.88,203.5,43.66973100389354
계속집가고싶다,203.94,198.5,40.80676917183213
일곱번째 감자튀김,191.16,185.0,37.60658888964914
CHack,0.0,0.0,60.00536548304372
