agent,mean score,median score,play time,error ratio
ChurAI,441.8,432.5,215.86835162201896,0.06
머닝러신,251.18,238.0,50.45294785911217,0.04
Example10,249.02,248.5,53.23654869686812,0.1
계속집가고싶다,231.12,221.0,58.96763036618009,0.1
CHack,174.3,165.5,15.137146779885516,0.06
일곱번째 감자튀김,-1.0,-1.0,-1.0,1.0
