agent,mean score,median score,play time
Example10,267.2,228.0,50.966139027457686
일곱번째 감자튀김,232.48,217.0,57.22236086033285
머닝러신,223.84,229.0,43.33985273130238
계속집가고싶다,216.16,190.0,51.554106799755246
ChurAI,21.04,13.0,46.64749449843541
CHack,0.16,0.0,60.00541654029861
