agent,mean score,median score,play time,error ratio
ChurAI,480.29,486.0,209.1923324702913,0.0
머닝러신,259.07,222.5,50.48470223723445,0.03
Example10,256.23,250.5,52.65551084779203,0.01
계속집가고싶다,232.31,220.5,58.18994238877203,0.01
CHack,154.24,140.0,12.253856256259605,0.04
일곱번째 감자튀김,-1.0,-1.0,-1.0,1.0
